id,titulo_producto,precio_actual,porcentaje_descuento,precio_antiguo,url_imagen,url_producto
1,🛒 Envio GRATIS desde 79€ con tu cuenta Lidl* Buscar,,,,https://www.lidl.es/cdn/assets/logos/1.0.1/lidl-logo-shop-cdn.svg,https://www.lidl.es/
2,🛒 Envio GRATIS desde 79€ con tu cuenta Lidl*,,,,,
3,Ofertas y descuentos Deporte y tiempo libre,2.39,23,3.10,https://www.lidl.es/assets/gcp594ebfed74964059879fb67eb2d0832c.jpg,https://www.lidl.es/p/tognana-vajilla-de-porcelana-de-18-piezas/p100390221#searchTrackingMasterId=Product.100390221&searchTrackingTitle=Tognana%2BVajilla%2Bde%2Bporcelana%2Bde%2B18%2Bpiezas&searchTrackingPageSize=48&searchTrackingPage=1&searchTrackingEvent=click&searchTrackingId=Product.100390221&searchTrackingOrigPos=1&searchTrackingPos=1&searchTrackingOrigPageSize=48&searchTrackingChannel=ES&list=search
4,Deporte y tiempo libre Hogar y decoración,2.39,23,3.10,https://www.lidl.es/assets/gcp594ebfed74964059879fb67eb2d0832c.jpg,https://www.lidl.es/p/tognana-vajilla-de-porcelana-de-18-piezas/p100390221#searchTrackingMasterId=Product.100390221&searchTrackingTitle=Tognana%2BVajilla%2Bde%2Bporcelana%2Bde%2B18%2Bpiezas&searchTrackingPageSize=48&searchTrackingPage=1&searchTrackingEvent=click&searchTrackingId=Product.100390221&searchTrackingOrigPos=1&searchTrackingPos=1&searchTrackingOrigPageSize=48&searchTrackingChannel=ES&list=search
5,Deporte y tiempo libre Hogar y decoración,,,,,
6,Tognana Vajilla de porcelana de 18 piezas,2.39,23,3.10,https://www.lidl.es/assets/gcp594ebfed74964059879fb67eb2d0832c.jpg,https://www.lidl.es/p/tognana-vajilla-de-porcelana-de-18-piezas/p100390221#searchTrackingMasterId=Product.100390221&searchTrackingTitle=Tognana%2BVajilla%2Bde%2Bporcelana%2Bde%2B18%2Bpiezas&searchTrackingPageSize=48&searchTrackingPage=1&searchTrackingEvent=click&searchTrackingId=Product.100390221&searchTrackingOrigPos=1&searchTrackingPos=1&searchTrackingOrigPageSize=48&searchTrackingChannel=ES&list=search
7,Tognana Vajilla de porcelana de 18 piezas,4.20,23,5.45,https://www.lidl.es/assets/gcp594ebfed74964059879fb67eb2d0832c.jpg,https://www.lidl.es/p/tognana-vajilla-de-porcelana-de-18-piezas/p100390221#searchTrackingMasterId=Product.100390221&searchTrackingTitle=Tognana%2BVajilla%2Bde%2Bporcelana%2Bde%2B18%2Bpiezas&searchTrackingPageSize=48&searchTrackingPage=1&searchTrackingEvent=click&searchTrackingId=Product.100390221&searchTrackingOrigPos=1&searchTrackingPos=1&searchTrackingOrigPageSize=48&searchTrackingChannel=ES&list=search
8,Tognana Vajilla de porcelana de 18 piezas,4.20,23,5.45,,
9,Tognana Vajilla de porcelana de 18 piezas,,,,,
10,Safety 1st Barrera a presión Quick Close+,4.10,14,4.77,https://www.lidl.es/assets/gcp90c1838e517b453bb3b5e353c4e609ea.jpeg,https://www.lidl.es/p/safety-1st-barrera-a-presion-quick-close/p100370310#searchTrackingMasterId=Product.100370310&searchTrackingTitle=Safety%2B1st%2BBarrera%2Ba%2Bpresi%25C3%25B3n%2BQuick%2BClose%252B&searchTrackingPageSize=48&searchTrackingPage=1&searchTrackingEvent=click&searchTrackingId=Product.100370310&searchTrackingOrigPos=1&searchTrackingPos=2&searchTrackingOrigPageSize=48&searchTrackingChannel=ES&list=search
11,Safety 1st Barrera a presión Quick Close+,4.10,14,4.77,,
12,Safety 1st Barrera a presión Quick Close+,,,,,
13,Hot Wheels Vehículos pack 5,4.50,47,8.49,https://www.lidl.es/assets/gcp1ec15fc2c1e244579311290f342570a8.jpg,https://www.lidl.es/p/hot-wheels-vehiculos-pack-5/p100381791#searchTrackingMasterId=Product.100381791&searchTrackingTitle=Hot%2BWheels%2BVeh%25C3%25ADculos%2Bpack%2B5&searchTrackingPageSize=48&searchTrackingPage=1&searchTrackingEvent=click&searchTrackingId=Product.100381791&searchTrackingOrigPos=1&searchTrackingPos=3&searchTrackingOrigPageSize=48&searchTrackingChannel=ES&list=search
14,Hot Wheels Vehículos pack 5,4.50,47,8.49,,
15,Hot Wheels Vehículos pack 5,,,,,
16,esmara Men Pijama corto para hombre,4.70,16,5.60,https://www.lidl.es/assets/gcpb244a3d6b0d3486ca449153637179e4c.jpg,https://www.lidl.es/p/esmara-men-pijama-corto-para-hombre/p100390396#searchTrackingMasterId=Product.100390396&searchTrackingTitle=Pijama%2Bcorto%2Bpara%2Bhombre&searchTrackingPageSize=48&searchTrackingPage=1&searchTrackingEvent=click&searchTrackingId=Product.100390396&searchTrackingOrigPos=1&searchTrackingPos=4&searchTrackingOrigPageSize=48&searchTrackingChannel=ES&list=search
17,esmara Men Pijama corto para hombre,4.70,16,5.60,,
18,Pijama corto para hombre,,,,,
19,Philips Plancha de vapor 2000 W,4.10,25,5.47,https://www.lidl.es/assets/gcp8c1f6ec3facf4dbbbcc9285ceac5dc28.jpg,https://www.lidl.es/p/philips-plancha-de-vapor-2000-w/p100361680#searchTrackingMasterId=Product.100361680&searchTrackingTitle=Philips%2BPlancha%2Bde%2Bvapor%2B2000%2BW&searchTrackingPageSize=48&searchTrackingPage=1&searchTrackingEvent=click&searchTrackingId=Product.100361680&searchTrackingOrigPos=1&searchTrackingPos=5&searchTrackingOrigPageSize=48&searchTrackingChannel=ES&list=search
20,Philips Plancha de vapor 2000 W,4.10,25,5.47,,
21,Philips Plancha de vapor 2000 W,,,,,
22,CRIVIT Tabla de equilibrio/ Pelota de gimnasia/ Set de bandas de fitness (tabla de equilibrio),3.49,50,6.98,https://www.lidl.es/assets/gcp35605554d2774b27a52e993fa5d84104.jpg,https://www.lidl.es/p/crivit-tabla-de-equilibrio-pelota-de-gimnasia-set-de-bandas-de-fitness/p100384052001#searchTrackingMasterId=Product.100384052001&searchTrackingTitle=CRIVIT%2BTabla%2Bde%2Bequilibrio%252F%2BPelota%2Bde%2Bgimnasia%252F%2BSet%2Bde%2Bbandas%2Bde%2Bfitness%2B%2528tabla%2Bde%2Bequilibrio%2529&searchTrackingPageSize=48&searchTrackingPage=1&searchTrackingEvent=click&searchTrackingId=Product.100384052001&searchTrackingOrigPos=1&searchTrackingPos=6&searchTrackingOrigPageSize=48&searchTrackingChannel=ES&list=search
23,CRIVIT Tabla de equilibrio/ Pelota de gimnasia/ Set de bandas de fitness (tabla de equilibrio),3.49,50,6.98,,
24,Tabla de equilibrio/ Pelota de gimnasia/ Set de bandas de fitness (tabla de equilibrio),,,,,
25,CRIVIT Calcetines deportivos,2.49,16,2.96,https://www.lidl.es/assets/gcp10acd032a83745a082ebfef039659635.jpg,https://www.lidl.es/p/crivit-calcetines-deportivos/p100389504#searchTrackingMasterId=Product.100389504&searchTrackingTitle=Calcetines%2Bdeportivos&searchTrackingPageSize=48&searchTrackingPage=1&searchTrackingEvent=click&searchTrackingId=Product.100389504&searchTrackingOrigPos=1&searchTrackingPos=7&searchTrackingOrigPageSize=48&searchTrackingChannel=ES&list=search
26,CRIVIT Calcetines deportivos,2.49,16,2.96,,
27,Calcetines deportivos,,,,,
28,5/5 5 de 5 estrellas (3 valoraciones totales),2.39,20,2.99,https://www.lidl.es/assets/gcpc24ba53ae3f8482f87b7ecef86ec3fd8.jpg,https://www.lidl.es/p/crelando-bloque-de-papel-cartulina-de-colores/p100389764#searchTrackingMasterId=Product.100389764&searchTrackingTitle=Bloque%2Bde%2Bpapel%2B%252F%2Bcartulina%2Bde%2Bcolores&searchTrackingPageSize=48&searchTrackingPage=1&searchTrackingEvent=click&searchTrackingId=Product.100389764&searchTrackingOrigPos=1&searchTrackingPos=8&searchTrackingOrigPageSize=48&searchTrackingChannel=ES&list=search
29,5/5 5 de 5 estrellas (3 valoraciones totales),2.39,20,2.99,,
30,5/5 5 de 5 estrellas (3 valoraciones totales),,,,,
31,Bloque de papel / cartulina de colores,,,,,
32,Top valorados CRIVIT,2.99,25,3.99,https://www.lidl.es/assets/gcpd45536ec392e4d3f8265914ccfa8acc1.jpg,https://www.lidl.es/p/crivit-camiseta-tecnica-para-hombre/p100391825#searchTrackingMasterId=Product.100391825&searchTrackingTitle=Camiseta%2Bt%25C3%25A9cnica%2Bpara%2Bhombre&searchTrackingPageSize=48&searchTrackingPage=1&searchTrackingEvent=click&searchTrackingId=Product.100391825&searchTrackingOrigPos=1&searchTrackingPos=45&searchTrackingOrigPageSize=48&searchTrackingChannel=ES&list=search
33,CRIVIT Camiseta técnica para hombre,2.99,25,3.99,https://www.lidl.es/assets/gcpd45536ec392e4d3f8265914ccfa8acc1.jpg,https://www.lidl.es/p/crivit-camiseta-tecnica-para-hombre/p100391825#searchTrackingMasterId=Product.100391825&searchTrackingTitle=Camiseta%2Bt%25C3%25A9cnica%2Bpara%2Bhombre&searchTrackingPageSize=48&searchTrackingPage=1&searchTrackingEvent=click&searchTrackingId=Product.100391825&searchTrackingOrigPos=1&searchTrackingPos=45&searchTrackingOrigPageSize=48&searchTrackingChannel=ES&list=search
34,CRIVIT Camiseta técnica para hombre,2.99,25,3.99,,
35,Camiseta técnica para hombre,,,,,
36,4/5 4 de 5 estrellas (4 valoraciones totales),134.99,41,228.80,https://www.lidl.es/assets/gcp8b418e1f6f414713ad31ba9a720f5ea5.jpg,https://www.lidl.es/p/bestway-piscina-steel-pro-o-366-cm/p100363729#searchTrackingMasterId=Product.100363729&searchTrackingTitle=Bestway%25C2%25AE%2BPiscina%2BSteel%2BPro%2B%25C3%2598%2B366%2Bcm&searchTrackingPageSize=48&searchTrackingPage=1&searchTrackingEvent=click&searchTrackingId=Product.100363729&searchTrackingOrigPos=1&searchTrackingPos=46&searchTrackingOrigPageSize=48&searchTrackingChannel=ES&list=search
37,4/5 4 de 5 estrellas (4 valoraciones totales),134.99,41,228.80,,
38,4/5 4 de 5 estrellas (4 valoraciones totales),,,,,
39,Bestway® Piscina Steel Pro Ø 366 cm,,,,,
40,Casdon Dyson® Aspiradora infantil,4.20,13,4.83,https://www.lidl.es/assets/gcp6fc94582da9443408bdd0e77173ca17b.jpg,https://www.lidl.es/p/casdon-dyson-aspiradora-infantil/p100368129#searchTrackingMasterId=Product.100368129&searchTrackingTitle=Dyson%25C2%25AE%2BAspiradora%2Binfantil&searchTrackingPageSize=48&searchTrackingPage=1&searchTrackingEvent=click&searchTrackingId=Product.100368129&searchTrackingOrigPos=1&searchTrackingPos=47&searchTrackingOrigPageSize=48&searchTrackingChannel=ES&list=search
41,Casdon Dyson® Aspiradora infantil,4.20,13,4.83,,
42,Dyson® Aspiradora infantil,,,,,
43,Top valorados Safety 1st,4.80,14,5.58,https://www.lidl.es/assets/gcp71de6ca0fc9d4e7eb0c8a2183b54efc3.jpeg,https://www.lidl.es/p/safety-1st-trona-de-madera-para-bebe/p100378351#searchTrackingMasterId=Product.100378351&searchTrackingTitle=Safety%2B1st%2BTrona%2Bde%2Bmadera%2Bpara%2Bbeb%25C3%25A9&searchTrackingPageSize=48&searchTrackingPage=1&searchTrackingEvent=click&searchTrackingId=Product.100378351&searchTrackingOrigPos=1&searchTrackingPos=48&searchTrackingOrigPageSize=48&searchTrackingChannel=ES&list=search
44,Safety 1st Trona de madera para bebé,4.80,14,5.58,https://www.lidl.es/assets/gcp71de6ca0fc9d4e7eb0c8a2183b54efc3.jpeg,https://www.lidl.es/p/safety-1st-trona-de-madera-para-bebe/p100378351#searchTrackingMasterId=Product.100378351&searchTrackingTitle=Safety%2B1st%2BTrona%2Bde%2Bmadera%2Bpara%2Bbeb%25C3%25A9&searchTrackingPageSize=48&searchTrackingPage=1&searchTrackingEvent=click&searchTrackingId=Product.100378351&searchTrackingOrigPos=1&searchTrackingPos=48&searchTrackingOrigPageSize=48&searchTrackingChannel=ES&list=search
45,Safety 1st Trona de madera para bebé,4.80,14,5.58,,
46,Safety 1st Trona de madera para bebé,,,,,
47,a partir de,59.99,14,69.76,,
48,3/5 3 de 5 estrellas (2 valoraciones totales),3.49,18,4.26,https://www.lidl.es/assets/gcpeabe804148ef47a082f0e38006ce883e.jpg,https://www.lidl.es/p/livarno-lampara-led-de-techo/p100397843#searchTrackingMasterId=Product.100397843&searchTrackingTitle=L%25C3%25A1mpara%2BLED%2Bde%2Btecho&searchTrackingPageSize=48&searchTrackingPage=19&searchTrackingEvent=click&searchTrackingId=Product.100397843&searchTrackingOrigPos=1&searchTrackingPos=865&searchTrackingOrigPageSize=48&searchTrackingChannel=ES&list=search
49,3/5 3 de 5 estrellas (2 valoraciones totales),8.99,18,10.96,https://www.lidl.es/assets/gcpeabe804148ef47a082f0e38006ce883e.jpg,https://www.lidl.es/p/livarno-lampara-led-de-techo/p100397843#searchTrackingMasterId=Product.100397843&searchTrackingTitle=L%25C3%25A1mpara%2BLED%2Bde%2Btecho&searchTrackingPageSize=48&searchTrackingPage=19&searchTrackingEvent=click&searchTrackingId=Product.100397843&searchTrackingOrigPos=1&searchTrackingPos=865&searchTrackingOrigPageSize=48&searchTrackingChannel=ES&list=search
50,3/5 3 de 5 estrellas (2 valoraciones totales),8.99,18,10.96,,
51,3/5 3 de 5 estrellas (2 valoraciones totales),,,,,
52,BOSCH Bosh Picador de Carne Serie 6,4.40,11,4.94,https://www.lidl.es/assets/gcpd9ba3ddbc3774c8e93c60a4e3bbb761e.jpg,https://www.lidl.es/p/bosch-bosh-picador-de-carne-serie-6/p100397912#searchTrackingMasterId=Product.100397912&searchTrackingTitle=Bosh%2BPicador%2Bde%2BCarne%2BSerie%2B6&searchTrackingPageSize=48&searchTrackingPage=19&searchTrackingEvent=click&searchTrackingId=Product.100397912&searchTrackingOrigPos=1&searchTrackingPos=866&searchTrackingOrigPageSize=48&searchTrackingChannel=ES&list=search
53,BOSCH Bosh Picador de Carne Serie 6,4.40,11,4.94,,
54,Bosh Picador de Carne Serie 6,,,,,
55,lupilu® Mini futbolín de madera (billar),4.60,20,5.75,https://www.lidl.es/assets/gcp575a7b6695104f719845c853b41b353a.jpg,https://www.lidl.es/p/lupilu-mini-futbolin-de-madera/p100397940003#searchTrackingMasterId=Product.100397940003&searchTrackingTitle=lupilu%25C2%25AE%2BMini%2Bfutbol%25C3%25ADn%2Bde%2Bmadera%2B%2528billar%2529&searchTrackingPageSize=48&searchTrackingPage=19&searchTrackingEvent=click&searchTrackingId=Product.100397940003&searchTrackingOrigPos=1&searchTrackingPos=867&searchTrackingOrigPageSize=48&searchTrackingChannel=ES&list=search
56,lupilu® Mini futbolín de madera (billar),4.60,20,5.75,,
57,Mini futbolín de madera (billar),,,,,
58,Top valorados esmara®,4.90,12,5.57,https://www.lidl.es/assets/gcp2aba32b70a9a4ea59bd924ae3faf59ad.jpg,https://www.lidl.es/p/esmara-leggings-para-mujer/p100398095#searchTrackingMasterId=Product.100398095&searchTrackingTitle=Leggings%2Bpara%2Bmujer&searchTrackingPageSize=48&searchTrackingPage=19&searchTrackingEvent=click&searchTrackingId=Product.100398095&searchTrackingOrigPos=1&searchTrackingPos=868&searchTrackingOrigPageSize=48&searchTrackingChannel=ES&list=search
59,esmara® Leggings para mujer,4.90,12,5.57,https://www.lidl.es/assets/gcp2aba32b70a9a4ea59bd924ae3faf59ad.jpg,https://www.lidl.es/p/esmara-leggings-para-mujer/p100398095#searchTrackingMasterId=Product.100398095&searchTrackingTitle=Leggings%2Bpara%2Bmujer&searchTrackingPageSize=48&searchTrackingPage=19&searchTrackingEvent=click&searchTrackingId=Product.100398095&searchTrackingOrigPos=1&searchTrackingPos=868&searchTrackingOrigPageSize=48&searchTrackingChannel=ES&list=search
60,esmara® Leggings para mujer,4.90,12,5.57,,
61,a partir de,6.99,12,7.94,,
62,Top valorados 5/5,43.99,20,54.99,https://www.lidl.es/assets/gcpe381eabb3b29403fb62de5f8deb92955.jpg,https://www.lidl.es/p/brita-cartuchos-de-filtro-de-agua-pack-12/p100398232#searchTrackingMasterId=Product.100398232&searchTrackingTitle=Brita%25C2%25AE%2BCartuchos%2Bde%2Bfiltro%2Bde%2Bagua%2Bpack%2B12&searchTrackingPageSize=48&searchTrackingPage=19&searchTrackingEvent=click&searchTrackingId=Product.100398232&searchTrackingOrigPos=1&searchTrackingPos=869&searchTrackingOrigPageSize=48&searchTrackingChannel=ES&list=search
63,5/5 5 de 5 estrellas (16 valoraciones totales),43.99,20,54.99,https://www.lidl.es/assets/gcpe381eabb3b29403fb62de5f8deb92955.jpg,https://www.lidl.es/p/brita-cartuchos-de-filtro-de-agua-pack-12/p100398232#searchTrackingMasterId=Product.100398232&searchTrackingTitle=Brita%25C2%25AE%2BCartuchos%2Bde%2Bfiltro%2Bde%2Bagua%2Bpack%2B12&searchTrackingPageSize=48&searchTrackingPage=19&searchTrackingEvent=click&searchTrackingId=Product.100398232&searchTrackingOrigPos=1&searchTrackingPos=869&searchTrackingOrigPageSize=48&searchTrackingChannel=ES&list=search
64,5/5 5 de 5 estrellas (16 valoraciones totales),43.99,20,54.99,,
65,5/5 5 de 5 estrellas (16 valoraciones totales),,,,,
66,Brita® Cartuchos de filtro de agua pack 12,,,,,
67,Hucha gato Cakey Gabby's Dollhouse,10.39,20,12.99,https://www.lidl.es/assets/gcp07b180035f6646e3a7ddfdd80e5d1156.jpg,https://www.lidl.es/p/hucha-gato-cakey-gabby-s-dollhouse/p100398265#searchTrackingMasterId=Product.100398265&searchTrackingTitle=Hucha%2Bgato%2BCakey%2BGabby%2527s%2BDollhouse&searchTrackingPageSize=48&searchTrackingPage=19&searchTrackingEvent=click&searchTrackingId=Product.100398265&searchTrackingOrigPos=1&searchTrackingPos=870&searchTrackingOrigPageSize=48&searchTrackingChannel=ES&list=search
68,Hucha gato Cakey Gabby's Dollhouse,10.39,20,12.99,,
69,Hucha gato Cakey Gabby's Dollhouse,,,,,
70,5/5 5 de 5 estrellas (2 valoraciones totales),9.49,20,11.86,https://www.lidl.es/assets/gcp84b291a1f74944689eeca9f906144a43.jpg,https://www.lidl.es/p/cien-beauty-set-de-manicura/p100398281#searchTrackingMasterId=Product.100398281&searchTrackingTitle=Set%2Bde%2Bmanicura&searchTrackingPageSize=48&searchTrackingPage=19&searchTrackingEvent=click&searchTrackingId=Product.100398281&searchTrackingOrigPos=1&searchTrackingPos=871&searchTrackingOrigPageSize=48&searchTrackingChannel=ES&list=search
71,5/5 5 de 5 estrellas (2 valoraciones totales),9.49,20,11.86,,
72,5/5 5 de 5 estrellas (2 valoraciones totales),,,,,
73,Top valorados Vileda,4.80,20,6.00,https://www.lidl.es/assets/gcp11b4147074ce4cb98518599b205c9794.jpg,https://www.lidl.es/p/vileda-limpiador-de-vapor-steam/p100398304#searchTrackingMasterId=Product.100398304&searchTrackingTitle=Vileda%25C2%25AE%2BLimpiador%2Bde%2Bvapor%2BSteam&searchTrackingPageSize=48&searchTrackingPage=19&searchTrackingEvent=click&searchTrackingId=Product.100398304&searchTrackingOrigPos=1&searchTrackingPos=872&searchTrackingOrigPageSize=48&searchTrackingChannel=ES&list=search
74,Vileda® Limpiador de vapor Steam,4.80,20,6.00,https://www.lidl.es/assets/gcp11b4147074ce4cb98518599b205c9794.jpg,https://www.lidl.es/p/vileda-limpiador-de-vapor-steam/p100398304#searchTrackingMasterId=Product.100398304&searchTrackingTitle=Vileda%25C2%25AE%2BLimpiador%2Bde%2Bvapor%2BSteam&searchTrackingPageSize=48&searchTrackingPage=19&searchTrackingEvent=click&searchTrackingId=Product.100398304&searchTrackingOrigPos=1&searchTrackingPos=872&searchTrackingOrigPageSize=48&searchTrackingChannel=ES&list=search
75,Vileda® Limpiador de vapor Steam,4.80,20,6.00,,
76,Vileda® Limpiador de vapor Steam,,,,,
77,LIVARNO home Ropa de cama 240 x 220 cm,17.99,,,https://www.lidl.es/assets/gcp7306a3e32619476082165b3930ef495d.jpg,https://www.lidl.es/p/livarno-home-ropa-de-cama-240-x-220-cm/p100402472#searchTrackingMasterId=Product.100402472&searchTrackingTitle=Ropa%2Bde%2Bcama%2B240%2Bx%2B220%2Bcm&searchTrackingPageSize=48&searchTrackingPage=19&searchTrackingEvent=click&searchTrackingId=Product.100402472&searchTrackingOrigPos=1&searchTrackingPos=909&searchTrackingOrigPageSize=48&searchTrackingChannel=ES&list=search
78,LIVARNO home Ropa de cama 240 x 220 cm,17.99,,,,
79,Ropa de cama 240 x 220 cm,,,,,
80,MÁS BARATO,17.99,,,,
81,LIVARNO home Ropa de cama 150 x 220 cm (Flor verde),10.99,,,https://www.lidl.es/assets/gcp170ea8533d514ef9aa719175399877c1.jpg,https://www.lidl.es/p/livarno-home-ropa-de-cama-150-x-220-cm/p100402512001#searchTrackingMasterId=Product.100402512001&searchTrackingTitle=LIVARNO%2Bhome%2BRopa%2Bde%2Bcama%2B150%2Bx%2B220%2Bcm%2B%2528Flor%2Bverde%2529&searchTrackingPageSize=48&searchTrackingPage=19&searchTrackingEvent=click&searchTrackingId=Product.100402512001&searchTrackingOrigPos=1&searchTrackingPos=910&searchTrackingOrigPageSize=48&searchTrackingChannel=ES&list=search
82,LIVARNO home Ropa de cama 150 x 220 cm (Flor verde),10.99,,,,
83,Ropa de cama 150 x 220 cm (Flor verde),,,,,
84,MÁS BARATO,10.99,,,,
85,LIVARNO home Ropa de cama 260 x 220 cm,19.99,16,23.80,https://www.lidl.es/assets/gcp7c01b2340b2a4d2c8631ae7b858f4a2f.jpg,https://www.lidl.es/p/livarno-home-ropa-de-cama-260-x-220-cm/p100402541#searchTrackingMasterId=Product.100402541&searchTrackingTitle=Ropa%2Bde%2Bcama%2B260%2Bx%2B220%2Bcm&searchTrackingPageSize=48&searchTrackingPage=19&searchTrackingEvent=click&searchTrackingId=Product.100402541&searchTrackingOrigPos=1&searchTrackingPos=911&searchTrackingOrigPageSize=48&searchTrackingChannel=ES&list=search
86,LIVARNO home Ropa de cama 260 x 220 cm,19.99,16,23.80,,
87,Ropa de cama 260 x 220 cm,,,,,
88,esmara® Pantalón corto para mujer,3.49,12,3.97,https://www.lidl.es/assets/gcp3f092d7873564661ab8ee5c5c0194bb6.jpg,https://www.lidl.es/p/esmara-pantalon-corto-para-mujer/p100402551#searchTrackingMasterId=Product.100402551&searchTrackingTitle=Pantal%25C3%25B3n%2Bcorto%2Bpara%2Bmujer&searchTrackingPageSize=48&searchTrackingPage=19&searchTrackingEvent=click&searchTrackingId=Product.100402551&searchTrackingOrigPos=1&searchTrackingPos=912&searchTrackingOrigPageSize=48&searchTrackingChannel=ES&list=search
89,esmara® Pantalón corto para mujer,3.49,12,3.97,,
90,Pantalón corto para mujer,,,,,
91,LIVARNO home Ropa de cama 240 x 220 cm,3.19,14,3.71,https://www.lidl.es/assets/gcp7306a3e32619476082165b3930ef495d.jpg,https://www.lidl.es/p/livarno-home-ropa-de-cama-240-x-220-cm/p100402590#searchTrackingMasterId=Product.100402590&searchTrackingTitle=Ropa%2Bde%2Bcama%2B240%2Bx%2B220%2Bcm&searchTrackingPageSize=48&searchTrackingPage=20&searchTrackingEvent=click&searchTrackingId=Product.100402590&searchTrackingOrigPos=1&searchTrackingPos=913&searchTrackingOrigPageSize=48&searchTrackingChannel=ES&list=search
92,LIVARNO home Ropa de cama 240 x 220 cm,11.99,14,13.94,https://www.lidl.es/assets/gcp7306a3e32619476082165b3930ef495d.jpg,https://www.lidl.es/p/livarno-home-ropa-de-cama-240-x-220-cm/p100402590#searchTrackingMasterId=Product.100402590&searchTrackingTitle=Ropa%2Bde%2Bcama%2B240%2Bx%2B220%2Bcm&searchTrackingPageSize=48&searchTrackingPage=20&searchTrackingEvent=click&searchTrackingId=Product.100402590&searchTrackingOrigPos=1&searchTrackingPos=913&searchTrackingOrigPageSize=48&searchTrackingChannel=ES&list=search
93,LIVARNO home Ropa de cama 240 x 220 cm,11.99,14,13.94,,
94,Libro de conocimientos,3.19,20,3.99,https://www.lidl.es/assets/gcpc5a3397c628044259c7e2c0b9c09f05d.jpg,https://www.lidl.es/p/libro-de-conocimientos/p100402595#searchTrackingMasterId=Product.100402595&searchTrackingTitle=Libro%2Bde%2Bconocimientos&searchTrackingPageSize=48&searchTrackingPage=20&searchTrackingEvent=click&searchTrackingId=Product.100402595&searchTrackingOrigPos=1&searchTrackingPos=914&searchTrackingOrigPageSize=48&searchTrackingChannel=ES&list=search
95,Libro de conocimientos,3.19,20,3.99,,
96,Libro de conocimientos,,,,,
97,sensiplast® Bolsa de frío y calor reutilizable (1 unidad),3.99,20,4.99,https://www.lidl.es/assets/gcp4a9f8421415a431a81672fbd506d6aca.jpg,https://www.lidl.es/p/sensiplast-bolsa-de-frio-y-calor-reutilizable/p100402656001#searchTrackingMasterId=Product.100402656001&searchTrackingTitle=sensiplast%25C2%25AE%2BBolsa%2Bde%2Bfr%25C3%25ADo%2By%2Bcalor%2Breutilizable%2B%25281%2Bunidad%2529&searchTrackingPageSize=48&searchTrackingPage=20&searchTrackingEvent=click&searchTrackingId=Product.100402656001&searchTrackingOrigPos=1&searchTrackingPos=915&searchTrackingOrigPageSize=48&searchTrackingChannel=ES&list=search
98,sensiplast® Bolsa de frío y calor reutilizable (1 unidad),3.99,20,4.99,,
99,Bolsa de frío y calor reutilizable (1 unidad),,,,,
100,LIVARNO home Ropa de cama 150 x 220 cm,7.99,20,9.99,https://www.lidl.es/assets/gcpcd9f0f46c5f040cb9a4f3c66166e5235.jpg,https://www.lidl.es/p/livarno-home-ropa-de-cama-150-x-220-cm/p100402673#searchTrackingMasterId=Product.100402673&searchTrackingTitle=Ropa%2Bde%2Bcama%2B150%2Bx%2B220%2Bcm&searchTrackingPageSize=48&searchTrackingPage=20&searchTrackingEvent=click&searchTrackingId=Product.100402673&searchTrackingOrigPos=1&searchTrackingPos=916&searchTrackingOrigPageSize=48&searchTrackingChannel=ES&list=search
101,LIVARNO home Ropa de cama 150 x 220 cm,7.99,20,9.99,,
102,Ropa de cama 150 x 220 cm,,,,,
103,esmara® Camisa de manga larga,8.99,18,10.96,https://www.lidl.es/assets/gcp9781a645deba48f99cf747b7651cea5f.jpg,https://www.lidl.es/p/esmara-camisa-de-manga-larga/p100402674#searchTrackingMasterId=Product.100402674&searchTrackingTitle=Camisa%2Bde%2Bmanga%2Blarga&searchTrackingPageSize=48&searchTrackingPage=20&searchTrackingEvent=click&searchTrackingId=Product.100402674&searchTrackingOrigPos=1&searchTrackingPos=917&searchTrackingOrigPageSize=48&searchTrackingChannel=ES&list=search
104,esmara® Camisa de manga larga,8.99,18,10.96,,
105,Camisa de manga larga,,,,,
106,LIVARNO home Ropa de cama de muselina 240 x 220 cm,31.99,20,39.99,https://www.lidl.es/assets/gcp85eff380c7a0455f820732bba87dba80.jpg,https://www.lidl.es/p/livarno-home-ropa-de-cama-de-muselina-240-x-220-cm/p100402696#searchTrackingMasterId=Product.100402696&searchTrackingTitle=Ropa%2Bde%2Bcama%2Bde%2Bmuselina%2B240%2Bx%2B220%2Bcm&searchTrackingPageSize=48&searchTrackingPage=20&searchTrackingEvent=click&searchTrackingId=Product.100402696&searchTrackingOrigPos=1&searchTrackingPos=918&searchTrackingOrigPageSize=48&searchTrackingChannel=ES&list=search
107,LIVARNO home Ropa de cama de muselina 240 x 220 cm,31.99,20,39.99,,
108,Ropa de cama de muselina 240 x 220 cm,,,,,
109,Wednesday Ropa de cama reversible,13.99,22,17.94,https://www.lidl.es/assets/gcp81a42d76eefd4f2ab1b3147ddc1e58dc.jpg,https://www.lidl.es/p/wednesday-ropa-de-cama-reversible/p100402719#searchTrackingMasterId=Product.100402719&searchTrackingTitle=Wednesday%2BRopa%2Bde%2Bcama%2Breversible&searchTrackingPageSize=48&searchTrackingPage=20&searchTrackingEvent=click&searchTrackingId=Product.100402719&searchTrackingOrigPos=1&searchTrackingPos=919&searchTrackingOrigPageSize=48&searchTrackingChannel=ES&list=search
110,Wednesday Ropa de cama reversible,13.99,22,17.94,,
111,Wednesday Ropa de cama reversible,,,,,
112,LIVARNO home Ropa de cama de muselina 150 x 220 cm,22.99,17,27.70,https://www.lidl.es/assets/gcpdffb9735c56748acbb47e39fb207485c.jpg,https://www.lidl.es/p/livarno-home-ropa-de-cama-de-muselina-150-x-220-cm/p100402735#searchTrackingMasterId=Product.100402735&searchTrackingTitle=Ropa%2Bde%2Bcama%2Bde%2Bmuselina%2B150%2Bx%2B220%2Bcm&searchTrackingPageSize=48&searchTrackingPage=20&searchTrackingEvent=click&searchTrackingId=Product.100402735&searchTrackingOrigPos=1&searchTrackingPos=920&searchTrackingOrigPageSize=48&searchTrackingChannel=ES&list=search
113,LIVARNO home Ropa de cama de muselina 150 x 220 cm,22.99,17,27.70,,
114,Ropa de cama de muselina 150 x 220 cm,,,,,
115,Información legal De momento no realizamos envíos a Ceuta y Melilla.,,,,https://www.lidl.es/n/footer/icons/arrow-bottom.svg,https://www.lidl.es/c/newsletter/s10087416
116,"Newsletter Mantente al día de todas nuestras novedades y recibe información personalizada sobre nuestros productos, campañas y ¡mucho más!",,,,https://www.lidl.es/n/footer/icons/arrow-bottom.svg,https://www.lidl.es/c/newsletter/s10087416
117,Contacto Información,,,,https://www.lidl.es/n/footer/icons/arrow-bottom.svg,https://atencion-al-cliente.lidl.es/SelfServiceES/s/
118,Métodos de pago en la tienda online,,,,https://www.lidl.es/static/assets/visa-paymenticon-2024-1679516.svg,https://atencion-al-cliente.lidl.es/SelfServiceES/s/article/Qu%C3%A9-m%C3%A9todos-de-pago-puedo-utilizar-para-hacer-mi-pedido?q=metodos%20de%20pago
119,"Antes de seguir adelante: Tratamiento de sus datos Nosotros, como operador de los sitios web de Lidl y de la aplicación de Lidl, procesamos sus datos en nuestros sitios web y en nuestra aplicación (colectivamente: ""servicios de Lidl"") utilizando diversas tecnologías que se utilizan para almacenar y acceder a la información en tu dispositivo final. Algunas de ellas son técnicamente necesarias o se utilizan con tu consentimiento para configurar los ajustes, para recopilar estadísticas o para publicidad personalizada dentro y fuera de los servicios Lidl. Si participa en el programa Lidl Plus, los datos de su comportamiento de compra en la tienda también se procesarán para estos fines.",,,,,https://www.lidl.es/c/proteccion-de-datos-en-nuestros-sitios-web/s10089303?hidebanner=true
120,RECHAZAR PERSONALIZAR,,,,,
